{
  "anticipation": 0.8522162615885682,
  "reaction": 0.012355468663399337,
  "deadZone": 3.544559855235158,
  "mistake": 0,
  "jitter": 8.898887232504206
}