{
  "anticipation": 1,
  "reaction": 	0.25,
  "deadZone": 0.7326546700641261,
  "mistake": 0,
  "jitter": 	6.201374014028303
}